"mock_type"	"taxon"	"marker"	"action"	"sequence"
"Mar3"	"Decapoda_Paguridae"	"IIICBR"	"keep"	"TCTCTCTGCTGCTATTGCACACGCAGGTGCTTCTGTAGACTTAGGAATTTTTTCCCTTCATTTAGCAGGGGTTTCCTCTATCTTAGGTGCAGTAAATTTTATAACAACAGTCATCAACATACGTCCGCAAGGAATAACCATAGACCGAATACCCTTATTTGTCTGATCAGTGTTTATTACCGCCATTTTACTCCTACTATCTCTCCCTGTCCTAGCAGGTGCTATTACAATACTTTTAACAGACCGAAATCTTAATACCTCTTTTTTTGACCCTGCAGGAGGAGGAGATCCTGTCCTATATCAACACTTATTC"
"Mar3"	"Porifera_Dysidea_avara"	"IIICBR"	"keep"	"ACTTTCAAGTATTCAAGCACATTCAGGGCCTTCAGTAGATATGGCGATATTTAGTTTACATCTTGCGGGTATTTCTTCGATATTGGGGTCAATGAATTTTATTACGACGATTTTAAATATGCGGGCCCCAGGAATAAGTTTTGATAGAATGCCACTATTTATTTGGGCAATTTTGGTAACGGCTTTTTTGTTATTGTTGTCTTTGCCAGTTTTAGCTGGGGGGATAACGATGTTATTAACAGATAGGAATTTTAGTACATCTTTTTTTGATCCGGCCGGTGGAGGAGACCCAATTTTGTTTCAACACTTGTTT"
"Mar3"	"Actinaria_Alicia_mirabilis"	"IIICBR"	"keep"	"CCTATCCAGCACCCCAACACACCCGGGGGGTGCGGTGGACCTGGCCATTTTTAGTCTTCATTTGGCGGGGGCTTCTTCTATTTTGGGGGCTATAAATTTTATAACTACTATATTTAATATGAGGGCCCCAGGTATGACAATGGATAGACTCCCCTTATTTGTGTGGTCCATTTTAATCACGGCCTTTTTATTGTTGTTCTCCTTACCTGTTTTAGCAGGTGCCATTACTATGCTTTTAACAGATAGAAATTTTAATACAACTTTCTTTGACCCCGCTGGAGGCGGAGACCCTATTTTATTCCAACATTTATTT"
"Mar3"	"Decapoda_Pisa"	"IIICBR"	"keep"	"TCTTTCCGCCGCTATTGCACACGCAGGTGCTTCCGTCGATATAGGAATTTTTTCACTTCACTTAGCAGGTGTGTCATCTATTTTGGGAGCCGTTAATTTTATAACAACAGTTATCAATATACGATCTTTTGGTATAACTTTAGATCAAATACCATTGTTTGTTTGAGCTGTATTTATTACAGCAATTCTTTTATTACTCTCTCTCCCCGTTTTGGCAGGAGCTATTACTATACTTCTTACAGACCGAAATTTAAATACTTCATTCTTTGACCCTGCTGGAGGTGGAGACCCTATTCTTTATCAACATCTTTTT"
"Mar3"	"Decapoda_Synalpheus_gambarelloides"	"IIICBR"	"keep"	"TTTATCCGCAGGAATTGCCCACGCTGGAGCTTCAGTAGATTTAGGAATCTTTTCACTCCACCTTGCTGGAGTTTCTTCAATCCTAGGAGCAGTTAATTTTATAACAACAGTAATCAATATGCGAGCAACAGGAATCACACTAGATCGAATGCCTTTATTTGTTTGATCTGTATTCCTAACAGCTATTCTACTACTTCTAAGACTACCGGTTTTAGCAGGGGCTATTACTATACTTCTCACAGACCGAAATCTAAACACAGCATTCTTTGACCCGGCTGGAGGGGGAGACCCCATTTTATACCAGCACCTATTC"
"Mar3"	"Hydrozoa_Sertulariidae"	"IIICBR"	"keep"	"GTTATCAGGTCCACAAACTCATTCAGGTGGATCAGTAGATATGGCTATATTTAGTTTACATTGTGCTGGTGCCTCATCTATTATGGGAGCAATAAATTTTATTACTACCATTTTTAATATGAGAGCTCCCGGATTAACAATGGATAAGTTACCATTATTCGTATGATCAGTGCTAATAACAGCTGTTTTATTGTTATTATCTCTACCAGTATTAGCCGGTGCTATAACAATGTTATTAACAGATCGTAATTTTAATACAACATTTTTTGATCCAGCAGGAGGCGGTGATCCAGTTTTATACCAACATTTATTT"
"Mar3"	"Phyllodocida_Eunicida"	"IIICBR"	"keep"	"CCTATCAAGAAATATCGCCCATGCAGGACCCTCAGTAGACTTAGCTATTTTCTCCCTTCACCTCGCCGGTGTATCCTCCATTCTAGGCTCCATTAACTTTATTACTACAGTGTATAACTCCCGCTGAAACGGCCTATATATAGAACGAATACCCTTATTTGTATGAAGTGTTGTAATTACAACTGTACTTCTTCTCCTCTCCCTCCCCGTACTAGCAGGAGCCCTAACAATGCTCCTAACAGATCGAAACCTAAACACTGCCTTTTTCGACCCCGCTGGCGGAGGAGACCCCGTCCTTTATCAACACCTTTTT"
"Mar3"	"Actinaria_Anemonia_viridis"	"IIICBR"	"keep"	"TCTTTCTGGCATTCAAACGCACTCGGGAGGGGCGGTCGACATGGCCATCTTTAGCCTTCATTTAGCGGGTGCGTCTTCTATATTAGGGGCAATGAATTTTATAACAACCATATTTAATATGAGAGCCCCGGGATTAACGATGGATAGACTCCCACTATTTGTGTGGTCCATTTTAATCACTGCCTTTTTATTATTACTTTCCCTACCAGTTTTAGCGGGTGGAATAACCATGCTTTTAACAGATAGGAATTTTAATACAACTTTCTTTGACCCAGCAGGGGGTGGAGATCCCATCTTATTCCAACATTTATTT"
"Mar3"	"Urochordata_Styela_plicata"	"IIICBR"	"keep"	"ACTAGCTGGAAACCTAGCCCACTCTGGGGGAGCACTAGATTGTGCCATTTTTTCCTTACATCTAGCTAGAATTTCTAGTATTTTAGGTTCTCTTAATTTTATGACTACGATGTTCAACATAAAAACTAAGGGTTGGGTTATATTTTCAATACCTTTATTTTGTTGGACAGTCTTAGTTACTACGTTACTTTTATTGTTAAGTTTACCAGTTTTGGCGGCTGCCATTACTATATTGTTGTTTGATCGTAATATTAATACTTCCTTTTTTGATCCTGTTGGAGGTAGGGATCCTGTTTTATATCAGCACTTATTC"
"Mar3"	"Alcyonacea_Eunicella_singularis"	"IIICBR"	"keep"	"CCTAGCAAGCATTCAAGCCCATTCAGGGGGAGCAGTGGATATGGCTATATTTAGTTTACATCTAGCTGGTGTATCTTCCATTTTAAGTTCTATCAACTTTATAACTACTATAATTAACATGAGGGTTCCTGGTATGAGTATGCATAGATTACCTCTATTTGTATGGGCTCAATTAATTACTACAATATTGTTATTATTATCTTTACCAGTGTTAGCTGGTGGAATTACAATGTTGTTAACAGATAGAAATTTTAATACAACATTCTTTGACCCTGCGGGAGGAGGAGATCCTATTTTATTCCAGCACTTCTTT"
"Mar3"	"Hydrozoa_Sertulariidae"	"IIICBR"	"keep"	"ATTATCAGGTCCACAAACTCATTCAGGTGGATCAGTAGATATGGCTATATTTAGTTTACATTGTGCTGGTGCCTCATCTATTATGGGAGCAATAAATTTTATTACTACCATTTTTAATATGAGAGCTCCCGGATTAACAATGGATAAGTTACCATTATTCGTATGATCAGTACTAATAACAGCTGTTTTATTGTTATTATCTCTACCAGTATTAGCCGGTGCTATAACAATGTTATTAACAGATCGTAATTTTAATACAACATTTTTTGATCCAGCAGGAGGCGGTGATCCAGTTTTATACCAACATTTATTT"
"Mar3"	"Phyllodocida_Proceraea_scapularis"	"IIICBR"	"keep"	"CTTAGCAGCTAATATCGCCCACAGAGGGCCTCCGGTTGACTTAGCAATTTTCTCCCTCCACCTAGCTGGAGTTTCATCTATCTTGGGCGCTGTAAACTTTATTACCACAGTAATCAACATACGCTCAAAACTTATACAATTAGAACGCGTTCCCCTATTTGTATGGTCAGTTAAAATCACAGCCATCCTCTTGCTTCTATCTCTCCCTGTCTTAGCGGGAGCTATTACAATATTACTTACAGACCGAAACCTAAACACAGCATTCTTTGACCCGGCTGGGGGAGGTGACCCTATTCTCTACCAACACCTCTTC"
"Mar3"	"Synalpheus gambarelloides"	"IIICBR"	"tolerate"	"TTTATCCGCAGGAATTGCCCACGCTGGAGCTTCAGTAGATTTAGGAATCTTTTCACTCCACCTTGCTGGAGTTTCTTCAATCCTAGGAGCAGTTAATTTTATAACAACAGTAATCAATATGCGAGCAACAGGAATCACACTAGATCGAATGCCTTTATTTGTTTGATCTGTATTCCTAACAGCTATTCTACTACTTCTAAGACTACCGGTTTTAGCAGGGGCTATTACTATGCTTCTCACAGACCGAAATCTAAACACAGCATTCTTTGACCCGGCTGGAGGGGGAGACCCCATTTTATACCAGCACCTATTC"
"Mar3"	"Clytia sp"	"IIICBR"	"tolerate"	"ACTATCTGGGCCTCAAACTCATTCAGGGGGTTCAGTAGATATGGCTATATTTAGTTTACACTGTGCAGGTGCTTCTTCAATTATGGGTGCTATAAACTTTATAACAACCATATTTAATATGAGAGCTCCTGGATTAACATTAGACAAATTACCATTGTTTGTTTGATCTGTGTTAATTACCGCATTTCTATTATTATTATCTCTTCCAGTTTTAGCAGGTGCTATAACAATGTTATTAACAGATAGAAATTTCAATACTACATTTTTTGATCCAGCAGGAGGAGGTGATCCTGTATTATATCAACATTTGTTC"
"Ali3"	"Diptera_Bactrocera_oleae"	"IIICBR"	"keep"	"ATTATCATCTATTATTGCACATGGAGGAGCATCTGTCGATCTAGCCATCTTTTCACTCCATTTAGCAGGTATCTCCTCAATCTTAGGAGCTGTAAATTTTATTACAACAGTAATTAATATGCGATCAACAGGAATTACATTCGATCGAATACCTTTATTTGTTTGAGCAGTAGTACTAACAGCCCTACTACTTTTACTATCTCTACCTGTCTTAGCCGGTGCTATCACAATACTTTTAACAGATCGAAATCTGAATACTTCCTTTTTCGACCCAGCAGGTGGAGGAGACCCAATCCTTTACCAACATTTATTT"
"Ali3"	"Diptera_Syritta_pipiens"	"IIICBR"	"keep"	"TTTGTCAGCAGGAATTGCTCATAGTGGAGCTTCTGTAGATCTAGCAATCTTTTCTTTACATTTAGCAGGAATATCATCCATTTTAGGAGCTGTAAATTTTATTACAACTGTAATTAACATACGAGCAGCAGGAATAACATATGATCGAATACCTTTATTTGTATGATCAGTAGTTATTACAGCTCTTCTTCTTTTATTATCATTGCCAGTTTTAGCAGGTGCAATTACAATACTTTTAACAGATCGAAATTTAAATACTTCATTTTTCGACCCTGCTGGAGGAGGAGATCCAATTCTTTACCAACATTTATTT"
"Ali3"	"Hymenoptera_Apis_mellifera"	"IIICBR"	"keep"	"ATTATCAGCATATTTATATCATTCTTCACCTTCAGTAGATTTTGCAATTTTTTCTCTTCATATATCAGGAATTTCCTCAATTATAGGATCATTAAACTTAATAGTTACAATTATAATAATAAAAAATTTTTCTATAAATTATGACCAAATTTCATTATTTCCATGATCAGTTTTTATTACAGCAATTTTATTAATTATATCATTACCTGTATTAGCTGGAGCAATTACTATACTATTATTTGATCGAAATTTTAATACATCATTTTTCGATCCTATAGGAGGTGGAGATCCAATTCTTTATCAACATTTATTT"
"Ali3"	"Lithobiomorpha_Scolopendra_forficatus"	"IIICBR"	"keep"	"TCTATCTTCTAATATCTCTCATAGAGGAGCGTCAGTAGATATAACGATCTTTTCATTACACCTCGCTGGTGCATCCTCAATTTTAGGGGCTATTAATTTTATTTCAACAATCATTAATATACGAACAAGAGGAATATCATTTGAGCGAGTGCCCTTATTTGTATGATCAGTAAAGATTACAGTTATCTTACTCCTACTATCCCTCCCAGTTTTAGCCGGGGCAATTACAATATTGTTAACTGATCGAAACTTAAATACTAGATTCTTCGACCCTACAGGAGGAGGTGACCCAATCTTATATCAACATTTATTC"
"Ali3"	"Sauria_Tarentola_mauritanica"	"IIICBR"	"keep"	"ACTAGCAGGAAACCTGGCCCACGCAGGGCCATCAGTTGATCTAGTTATTTTCTCACTTCACCTCGCAGGCATCTCCTCCATCCTGGGCGCTATTAATTTCATCACCACAGCACTAAACATGAAATCCCCAGCCCTCTCACAATATAGTACCCCACTTTTCGTTTGATCCGTTTTGATCACAGCAATCCTACTACTCCTTTCACTCCCAGTTCTAGCTGCAGGGATTACAATACTACTAACAGACCGAAACTTAAACACCACCTTCTTTGATCCTGCCGGGGGCGGGGACCCAATCCTTTATCAACACCTATTT"
"Ali3"	"Gastropoda_Pomatias_elegans"	"IIICBR"	"keep"	"TTTGGCTGGTAATTTAGCACATTCGGGTGGTTCTGTTGATCTTGCTATTTTTTCGTTACATTTGGCTGGGGCATCTTCTATTTTAGGTGCTGTGAATTTCATTACTACTATTGTTAATATACGATGGTGTGGTGTTCAGTTGGAGCGGTTATCTTTGTTTGTTTGGTCGGTTAAAATTACTGCTATTTTGCTTTTACTTTCTTTACCAGTTTTGGCTGGGGCAGTTACTATGCTTTTAACAGATCGGAATTTTAATACTACTTTTTTTGATCCTGCTGGTGGAGGAGATCCTATTTTATATCAGCATTTGTTT"
"Ali3"	"Gastropoda_Xeropicta_derbentina"	"IIICBR"	"keep"	"TTTAAGGTCTTTAACAGGACACAGTGGAGCTTCTGTAGACCTAGCAATTTTTTCTCTTCATTTGGCTGGGATATCATCAATTTTAGGTGCTATTAATTTTATTACTACAATTTTTAATATACGGGCACCTGGAATATCAATGGAACGGGTAAGCCTCTTTGTCTGATCTATTTTGGTTACCGTGTTTTTACTCTTACTATCTCTACCTGTTCTGGCAGGCGCCATTACTATATTGTTAACTGACCGTAATTTTAATACGTCTTTTTTTGACCCCGCGGGGGGTGGCGACCCAATTTTATACCAACATTTATTT"
"Ali3"	"Araneae_Pisaura_mirabilis"	"IIICBR"	"keep"	"TTTAGCATCTACAGTTGGTCATATAGGAAGATCTATAGATTTTGCTATTTTTTCTTTACATTTAGCTGGGGCTTCTTCTATTATAGGAGCTGTTAATTTTATTTCTACTATTATAAATATACGATTAAATGGAATGTCAATAGAAAAAATCCCTTTATTTGTATGGTCTGTTTTAATTACTGCTATTTTACTTTTATTGTCTTTACCAGTTTTAGCTGGTGCTATTACTATATTATTAACTGATCGAAATTTTAATACTTCTTTTTTTGATCCAGCTGGTGGAGGTGATCCTATTTTATTTCAACATTTATTT"
"Ali3"	"Hemiptere _Lachnus_roboris"	"IIICBR"	"keep"	"ATTATCTAATAATATTGCTCATAATAATATTTCAGTAGACTTAACTATTTTTTCCTTGCATTTAGCTGGAATCTCCTCAATTTTAGGAGCAATTAATTTTATTACTACAATCCTTAATATAATACCAAATAATTTAAAATTAAATCAAATTCCACTATTCCCATGATCAATTTTAATTACTGCAATTCTATTAATTTTATCTTTACCTGTTCTAGCTGGTGCAATTACAATATTATTAACAGATCGAAACCTTAATACTTCATTTTTTGATCCATCAGGAGGAGGAGACCCAATTTTATATCAACACTTATTT"
"Ali3"	"Orthoptera_Omocestus_rufipes"	"IIICBR"	"keep"	"ACTTGCAGGAGCAATTGCCCATGGTGGGAGATCAGTAGATCTAGCCATTTTTTCATTACATCTAGCCGGTGTTTCATCAATTTTAGGAGCAGTAAACTTTATTACAACATCAATCAATATACGGTCGGAAAGAATATCACTAGATCAAACACCACTATTTGTTTGATCAGTAGCAATCACAGCACTTCTATTATTATTATCATTACCGGTATTAGCAGGAGCAATTACTATATTATTAACTGACCGAAATTTAAATACATCATTTTTTGACCCTGCTGGAGGTGGAGACCCAATTCTATATCAACATTTATTT"
"Ali3"	"Opiliones_Phalangium_opilio"	"IIICBR"	"keep"	"TTTATCAAGAAATATTGCTCATACAGGAGCCTCTGTAGATTTAACTATTTTTTCATTACACTTAGCAGGTGTATCCTCAATTTTAGGGGCTATCAATTTTATTACTACAATTATCAATATACGAACACAAGGAATAATTATAGAACGAATACCTCTTTTTGTCTGATCAGTAAAAATTACAGCTATTTTACTTCTTCTATCTTTGCCTGTTTTAGCAGGTGCTATCACAATACTTCTTACAGATCGAAATTTTAATACATCCTTCTTCGACCCCGCAGGAGGGGGAGACCCTATTCTTTACCAGCATTTATTT"
"Ali3"	"Hemiptere _Ceresa_bubalus"	"IIICBR"	"keep"	"ATTATCAAGAAATATTGCTCACTCAGGGGCTAGAGTAGACTTCGCTATTTTTTCATTACACTTAGCTGGAATTTCATCTATTCTAGGAGCAATTAATTTTATTACAACTATGATAAATATGCGAGTTCAAGGTATAAATTTAGATAAAACACCATTATTTGTTTGATCAGTAGTTATCACTGCATTCTTACTTCTTATATCACTCCCAGTTCTAGCTGGGGCGATCACCATACTTCTAGCAGACCGAAATATAAATACTTCGTTCTTTGATCCTTCGGGGGGGGGAGATCCAATTTTATACCAACATTTATTT"
"Ali3"	"Haplotaxida_Apporectodea_trapezoides"	"IIICBR"	"keep"	"ATTAGCCAGAAATCTAGCCCATGCCGGCCCATCAGTAGACCTTGCCATTTTCTCACTTCATTTAGCAGGGGCATCTTCAATTCTAGGAGCTATCAACTTTATTACAACCGTAATCAACATACGGTGAAGTGGTTTACGACTAGAACGAATCCCCTTATTTGTATGGGCAGTAGTAATTACTGTTGTGCTTCTTCTTCTATCCCTACCAGTGCTTGCAGGAGCTATTACTATGCTTTTAACAGACCGAAATCTTAACACTTCATTCTTTGACCCTGCCGGAGGAGGAGACCCTATTTTATATCAACATCTATTT"
"Ali3"	"Isopoda_Armadillidium_vulgare"	"IIICBR"	"keep"	"TCTGGCGTCAAGAATTGCTCACAGAGGTGCATCTGTAGATTTAGGCATTTTTTCTCTCCACCTTGCTGGAGCTTCTTCTATTTTAGGGGCTGTTAATTTTATTACTACTATAATTAATATACGAGCAGCTGGAATCAGAATAGACCGCGTACCTTTATTTGTTTGATCAGTAATAGTAACGGCTGTGCTTTTACTTTTATCATTACCTGTACTAGCAGGAGCTATTACTATATTATTAACTGATCGAAATTTAAATACCTCTTTTTTTGATCCTAGAGGAGGGGGGGATCCTATCCTTTATCAACATTTATTT"
"Mar1"	"Decapoda_Paguridae"	"IIICBR"	"keep"	"TCTCTCTGCTGCTATTGCACACGCAGGTGCTTCTGTAGACTTAGGAATTTTTTCCCTTCATTTAGCAGGGGTTTCCTCTATCTTAGGTGCAGTAAATTTTATAACAACAGTCATCAACATACGTCCGCAAGGAATAACCATAGACCGAATACCCTTATTTGTCTGATCAGTGTTTATTACCGCCATTTTACTCCTACTATCTCTCCCTGTCCTAGCAGGTGCTATTACAATACTTTTAACAGACCGAAATCTTAATACCTCTTTTTTTGACCCTGCAGGAGGAGGAGATCCTGTCCTATATCAACACTTATTC"
"Mar1"	"Porifera_Dysidea_avara"	"IIICBR"	"keep"	"ACTTTCAAGTATTCAAGCACATTCAGGGCCTTCAGTAGATATGGCGATATTTAGTTTACATCTTGCGGGTATTTCTTCGATATTGGGGTCAATGAATTTTATTACGACGATTTTAAATATGCGGGCCCCAGGAATAAGTTTTGATAGAATGCCACTATTTATTTGGGCAATTTTGGTAACGGCTTTTTTGTTATTGTTGTCTTTGCCAGTTTTAGCTGGGGGGATAACGATGTTATTAACAGATAGGAATTTTAGTACATCTTTTTTTGATCCGGCCGGTGGAGGAGACCCAATTTTGTTTCAACACTTGTTT"
"Mar1"	"Actinaria_Alicia_mirabilis"	"IIICBR"	"keep"	"CCTATCCAGCACCCCAACACACCCGGGGGGTGCGGTGGACCTGGCCATTTTTAGTCTTCATTTGGCGGGGGCTTCTTCTATTTTGGGGGCTATAAATTTTATAACTACTATATTTAATATGAGGGCCCCAGGTATGACAATGGATAGACTCCCCTTATTTGTGTGGTCCATTTTAATCACGGCCTTTTTATTGTTGTTCTCCTTACCTGTTTTAGCAGGTGCCATTACTATGCTTTTAACAGATAGAAATTTTAATACAACTTTCTTTGACCCCGCTGGAGGCGGAGACCCTATTTTATTCCAACATTTATTT"
"Mar1"	"Decapoda_Pisa"	"IIICBR"	"keep"	"TCTTTCCGCCGCTATTGCACACGCAGGTGCTTCCGTCGATATAGGAATTTTTTCACTTCACTTAGCAGGTGTGTCATCTATTTTGGGAGCCGTTAATTTTATAACAACAGTTATCAATATACGATCTTTTGGTATAACTTTAGATCAAATACCATTGTTTGTTTGAGCTGTATTTATTACAGCAATTCTTTTATTACTCTCTCTCCCCGTTTTGGCAGGAGCTATTACTATACTTCTTACAGACCGAAATTTAAATACTTCATTCTTTGACCCTGCTGGAGGTGGAGACCCTATTCTTTATCAACATCTTTTT"
"Mar1"	"Decapoda_Synalpheus_gambarelloides"	"IIICBR"	"keep"	"TTTATCCGCAGGAATTGCCCACGCTGGAGCTTCAGTAGATTTAGGAATCTTTTCACTCCACCTTGCTGGAGTTTCTTCAATCCTAGGAGCAGTTAATTTTATAACAACAGTAATCAATATGCGAGCAACAGGAATCACACTAGATCGAATGCCTTTATTTGTTTGATCTGTATTCCTAACAGCTATTCTACTACTTCTAAGACTACCGGTTTTAGCAGGGGCTATTACTATACTTCTCACAGACCGAAATCTAAACACAGCATTCTTTGACCCGGCTGGAGGGGGAGACCCCATTTTATACCAGCACCTATTC"
"Mar1"	"Phyllodocida_Eunicida"	"IIICBR"	"keep"	"CCTATCAAGAAATATCGCCCATGCAGGACCCTCAGTAGACTTAGCTATTTTCTCCCTTCACCTCGCCGGTGTATCCTCCATTCTAGGCTCCATTAACTTTATTACTACAGTGTATAACTCCCGCTGAAACGGCCTATATATAGAACGAATACCCTTATTTGTATGAAGTGTTGTAATTACAACTGTACTTCTTCTCCTCTCCCTCCCCGTACTAGCAGGAGCCCTAACAATGCTCCTAACAGATCGAAACCTAAACACTGCCTTTTTCGACCCCGCTGGCGGAGGAGACCCCGTCCTTTATCAACACCTTTTT"
"Mar1"	"Alcyonacea_Eunicella_singularis"	"IIICBR"	"keep"	"CCTAGCAAGCATTCAAGCCCATTCAGGGGGAGCAGTGGATATGGCTATATTTAGTTTACATCTAGCTGGTGTATCTTCCATTTTAAGTTCTATCAACTTTATAACTACTATAATTAACATGAGGGTTCCTGGTATGAGTATGCATAGATTACCTCTATTTGTATGGGCTCAATTAATTACTACAATATTGTTATTATTATCTTTACCAGTGTTAGCTGGTGGAATTACAATGTTGTTAACAGATAGAAATTTTAATACAACATTCTTTGACCCTGCGGGAGGAGGAGATCCTATTTTATTCCAGCACTTCTTT"
"Mar1"	"Hydrozoa_Sertulariidae"	"IIICBR"	"keep"	"ATTATCAGGTCCACAAACTCATTCAGGTGGATCAGTAGATATGGCTATATTTAGTTTACATTGTGCTGGTGCCTCATCTATTATGGGAGCAATAAATTTTATTACTACCATTTTTAATATGAGAGCTCCCGGATTAACAATGGATAAGTTACCATTATTCGTATGATCAGTACTAATAACAGCTGTTTTATTGTTATTATCTCTACCAGTATTAGCCGGTGCTATAACAATGTTATTAACAGATCGTAATTTTAATACAACATTTTTTGATCCAGCAGGAGGCGGTGATCCAGTTTTATACCAACATTTATTT"
"Mar1"	"Temnopleuroida_Genocidaris_granularis"	"IIICBR"	"keep"	"ACTCTCTAGTAAAATTGCACACGCTGGGGGTTCCGTTGATTTAGCAATCTTCTCCCTACACCTTGCCGGTGCTTCTTCTATCTTGGCCTCGATTAACTTTATAACAACAATTATTAATATGCGGACGCCAGGAATGTCTTTTGACCGCCTACCACTATTCGTGTGATCTGTCTTCGTAACTGCCTTCCTATTGCTCCTTTCCCTTCCAGTTTTGGCAGGGGCAATTACAATGTTGCTTACTGATCGAAATATTAACACAACTTTCTTTGACCCAGCAGGAGGAGGTGACCCAATTCTATTTCAACATTTATTT"
"Mar1"	"Hydrozoa_Leptothecatae"	"IIICBR"	"keep"	"TTTATCAGGACCACAAACACATTCAGGCGGATCAGTAGATATGGCTATTTTTAGCTTACATTGTGCAGGCGCTTCATCAATTATGGGTGCCATAAACTTTATTACAACCATATTAAACATGAGAGCTCCAGGATTAACAATGGATAAACTACCTTTATTCGTATGATCAGTACTAATAACAGCAGTATTACTATTACTATCTCTACCAGTTTTAGCAGGAGCAATTACAATGTTATTAACAGATCGTAATTTTAATACAACATTCTTTGATCCGGCAGGAGGAGGTGACCCAGTCTTATATCAACATCTATTT"
"Mar1"	"Hydrozoa_Leptothecatae"	"IIICBR"	"keep"	"TTTATCAGGACCACAAACACATTCAGGCGGATCAGTAGATATGGCTATTTTTAGCTTACATTGTGCAGGCGCTTCATCAATTATGGGTGCCATAAACTTTATTACAACCATATTAAACATGAGAGCTCCAGGATTAACAATGGATAAACTACCTTTATTCGTATGATCAGTACTAATAACAGCAGTATTACTATTATTATCTCTACCAGTTTTAGCAGGAGCAATTACAATGTTATTAACAGATCGTAATTTTAATACAACATTCTTTGATCCGGCAGGAGGAGGTGACCCAGTCTTATATCAACATCTATTT"
"Mar2"	"Urochordata_Halocynthia_papillosa"	"IIICBR"	"keep"	"TTTAGCTGGAAATTTAGCTCATTCAAGACCTGCTTTAGATTGTGCTATTTTTTCTTTGCATTTGGCCAGAGTGTCTAGTATTTTGAGGTCTTTAAATTTTATAACTACTATATTTAATATAAGATTGAAAGGAGGAGGTTTGTTTATAATACCGTTATTTTGTTGATCTGTGTTAATTACTACGTTGTTATTATTATTATCTTTACCAGTATTGGCAGCTGCTATTACTATGTTATTGTTTGATCGTAATTTAAATACTTCTTTTTTTGATCCAGCTAGGGGAGGTGATCCAGTATTATATCAGCATTTGTTT"
"Mar2"	"Decapoda_Paguridae"	"IIICBR"	"keep"	"TCTCTCTGCTGCTATTGCACACGCAGGTGCTTCTGTAGACTTAGGAATTTTTTCCCTTCATTTAGCAGGGGTTTCCTCTATCTTAGGTGCAGTAAATTTTATAACAACAGTCATCAACATACGTCCGCAAGGAATAACCATAGACCGAATACCCTTATTTGTCTGATCAGTGTTTATTACCGCCATTTTACTCCTACTATCTCTCCCTGTCCTAGCAGGTGCTATTACAATACTTTTAACAGACCGAAATCTTAATACCTCTTTTTTTGACCCTGCAGGAGGAGGAGATCCTGTCCTATATCAACACTTATTC"
"Mar2"	"Dictyoceratida_Dysidea_avara"	"IIICBR"	"keep"	"ACTTTCAAGTATTCAAGCACATTCAGGGCCTTCAGTAGATATGGCGATATTTAGTTTACATCTTGCGGGTATTTCTTCGATATTGGGGTCAATGAATTTTATTACGACGATTTTAAATATGCGGGCCCCAGGAATAAGTTTTGATAGAATGCCACTATTTATTTGGGCAATTTTGGTAACGGCTTTTTTGTTATTGTTGTCTTTGCCAGTTTTAGCTGGGGGGATAACGATGTTATTAACAGATAGGAATTTTAGTACATCTTTTTTTGATCCGGCCGGTGGAGGAGACCCAATTTTGTTTCAACACTTGTTT"
"Mar2"	"Hydrozoa_Clytia_gracilis"	"IIICBR"	"keep"	"TTTATCTGGACCACAAACACACTCAGGAGGGTCAGTAGATATGGCCATTTTTAGTTTACATTGTGCAGGTGCTTCATCAATTATGGGTGCTATAAATTTTATAACCACAATATTTAATATGAGAGCTCCTGGATTAACACTAGATAAATTACCTCTATTTGTTTGATCAGTATTAATAACTGCCTTTTTATTACTTTTATCATTACCTGTATTAGCAGGTGCTATTACAATGTTACTTACAGATAGAAATTTTAATACCACATTTTTTGATCCTGCAGGCGGAGGTGATCCAGTACTATACCAACATTTGTTT"
"Mar2"	"Hydrozoa_Sertulariidae"	"IIICBR"	"keep"	"GTTATCAGGTCCACAAACTCATTCAGGTGGATCAGTAGATATGGCTATATTTAGTTTACATTGTGCTGGTGCCTCATCTATTATGGGAGCAATAAATTTTATTACTACCATTTTTAATATGAGAGCTCCCGGATTAACAATGGATAAGTTACCATTATTCGTATGATCAGTGCTAATAACAGCTGTTTTATTGTTATTATCTCTACCAGTATTAGCCGGTGCTATAACAATGTTATTAACAGATCGTAATTTTAATACAACATTTTTTGATCCAGCAGGAGGCGGTGATCCAGTTTTATACCAACATTTATTT"
"Mar2"	"Phyllodocida_Eunicida"	"IIICBR"	"keep"	"CCTATCAAGAAATATCGCCCATGCAGGACCCTCAGTAGACTTAGCTATTTTCTCCCTTCACCTCGCCGGTGTATCCTCCATTCTAGGCTCCATTAACTTTATTACTACAGTGTATAACTCCCGCTGAAACGGCCTATATATAGAACGAATACCCTTATTTGTATGAAGTGTTGTAATTACAACTGTACTTCTTCTCCTCTCCCTCCCCGTACTAGCAGGAGCCCTAACAATGCTCCTAACAGATCGAAACCTAAACACTGCCTTTTTCGACCCCGCTGGCGGAGGAGACCCCGTCCTTTATCAACACCTTTTT"
"Mar2"	"Actinaria_Anemonia_viridis"	"IIICBR"	"keep"	"TCTTTCTGGCATTCAAACGCACTCGGGAGGGGCGGTCGACATGGCCATCTTTAGCCTTCATTTAGCGGGTGCGTCTTCTATATTAGGGGCAATGAATTTTATAACAACCATATTTAATATGAGAGCCCCGGGATTAACGATGGATAGACTCCCACTATTTGTGTGGTCCATTTTAATCACTGCCTTTTTATTATTACTTTCCCTACCAGTTTTAGCGGGTGGAATAACCATGCTTTTAACAGATAGGAATTTTAATACAACTTTCTTTGACCCAGCAGGGGGTGGAGATCCCATCTTATTCCAACATTTATTT"
"Mar2"	"Urochordata_Styela_plicata"	"IIICBR"	"keep"	"ACTAGCTGGAAACCTAGCCCACTCTGGGGGAGCACTAGATTGTGCCATTTTTTCCTTACATCTAGCTAGAATTTCTAGTATTTTAGGTTCTCTTAATTTTATGACTACGATGTTCAACATAAAAACTAAGGGTTGGGTTATATTTTCAATACCTTTATTTTGTTGGACAGTCTTAGTTACTACGTTACTTTTATTGTTAAGTTTACCAGTTTTGGCGGCTGCCATTACTATATTGTTGTTTGATCGTAATATTAATACTTCCTTTTTTGATCCTGTTGGAGGTAGGGATCCTGTTTTATATCAGCACTTATTC"
"Mar2"	"Hydrozoa_Sertulariidae"	"IIICBR"	"keep"	"ATTATCAGGTCCACAAACTCATTCAGGTGGATCAGTAGATATGGCTATATTTAGTTTACATTGTGCTGGTGCCTCATCTATTATGGGAGCAATAAATTTTATTACTACCATTTTTAATATGAGAGCTCCCGGATTAACAATGGATAAGTTACCATTATTCGTATGATCAGTACTAATAACAGCTGTTTTATTGTTATTATCTCTACCAGTATTAGCCGGTGCTATAACAATGTTATTAACAGATCGTAATTTTAATACAACATTTTTTGATCCAGCAGGAGGCGGTGATCCAGTTTTATACCAACATTTATTT"
"Mar2"	"Phyllodocida_Proceraea_scapularis"	"IIICBR"	"keep"	"CTTAGCAGCTAATATCGCCCACAGAGGGCCTCCGGTTGACTTAGCAATTTTCTCCCTCCACCTAGCTGGAGTTTCATCTATCTTGGGCGCTGTAAACTTTATTACCACAGTAATCAACATACGCTCAAAACTTATACAATTAGAACGCGTTCCCCTATTTGTATGGTCAGTTAAAATCACAGCCATCCTCTTGCTTCTATCTCTCCCTGTCTTAGCGGGAGCTATTACAATATTACTTACAGACCGAAACCTAAACACAGCATTCTTTGACCCGGCTGGGGGAGGTGACCCTATTCTCTACCAACACCTCTTC"
"Ali1"	"Diptera_Bactrocera_oleae"	"IIICBR"	"keep"	"ATTATCATCTATTATTGCACATGGAGGAGCATCTGTCGATCTAGCCATCTTTTCACTCCATTTAGCAGGTATCTCCTCAATCTTAGGAGCTGTAAATTTTATTACAACAGTAATTAATATGCGATCAACAGGAATTACATTCGATCGAATACCTTTATTTGTTTGAGCAGTAGTACTAACAGCCCTACTACTTTTACTATCTCTACCTGTCTTAGCCGGTGCTATCACAATACTTTTAACAGATCGAAATCTGAATACTTCCTTTTTCGACCCAGCAGGTGGAGGAGACCCAATCCTTTACCAACATTTATTT"
"Ali1"	"Hymenoptera_Apis_mellifera"	"IIICBR"	"keep"	"ATTATCAGCATATTTATATCATTCTTCACCTTCAGTAGATTTTGCAATTTTTTCTCTTCATATATCAGGAATTTCCTCAATTATAGGATCATTAAACTTAATAGTTACAATTATAATAATAAAAAATTTTTCTATAAATTATGACCAAATTTCATTATTTCCATGATCAGTTTTTATTACAGCAATTTTATTAATTATATCATTACCTGTATTAGCTGGAGCAATTACTATACTATTATTTGATCGAAATTTTAATACATCATTTTTCGATCCTATAGGAGGTGGAGATCCAATTCTTTATCAACATTTATTT"
"Ali1"	"Isopoda_Armadillo_officinalis"	"IIICBR"	"keep"	"TTTGGCTGGGAATGTTGCCCATAGGGGACATTCGGTGGATTTAGGTATTTTTTCTTTACATTTAGCAGGGGCTTCTTCAATTTTAGGGGCTATTAATTTTATTACTACTACAATGAATATACGAATGACTGGCATAAAAATAGATCGGGTTCCTTTATTTGTTTGGTCTATCTTAATTACAGTAGTATTGTTACTTTTGTCATTACCTGTTTTAGCAGGGGCTATTACAATACTATTAATAGATCGTAATTTTAATACATCTTTTTTTGACCCTAGTGGAGGAGGAGATCCGGTTTTATATCAGCATTTATTT"
"Ali1"	"Lithobiomorpha_Scolopendra_forficatus"	"IIICBR"	"keep"	"TCTATCTTCTAATATCTCTCATAGAGGAGCGTCAGTAGATATAACGATCTTTTCATTACACCTCGCTGGTGCATCCTCAATTTTAGGGGCTATTAATTTTATTTCAACAATCATTAATATACGAACAAGAGGAATATCATTTGAGCGAGTGCCCTTATTTGTATGATCAGTAAAGATTACAGTTATCTTACTCCTACTATCCCTCCCAGTTTTAGCCGGGGCAATTACAATATTGTTAACTGATCGAAACTTAAATACTAGATTCTTCGACCCTACAGGAGGAGGTGACCCAATCTTATATCAACATTTATTC"
"Ali1"	"Sauria_Tarentola_mauritanica"	"IIICBR"	"keep"	"ACTAGCAGGAAACCTGGCCCACGCAGGGCCATCAGTTGATCTAGTTATTTTCTCACTTCACCTCGCAGGCATCTCCTCCATCCTGGGCGCTATTAATTTCATCACCACAGCACTAAACATGAAATCCCCAGCCCTCTCACAATATAGTACCCCACTTTTCGTTTGATCCGTTTTGATCACAGCAATCCTACTACTCCTTTCACTCCCAGTTCTAGCTGCAGGGATTACAATACTACTAACAGACCGAAACTTAAACACCACCTTCTTTGATCCTGCCGGGGGCGGGGACCCAATCCTTTATCAACACCTATTT"
"Ali1"	"Gastropoda_Xeropicta_derbentina"	"IIICBR"	"keep"	"TTTAAGGTCTTTAACAGGACACAGTGGAGCTTCTGTAGACCTAGCAATTTTTTCTCTTCATTTGGCTGGGATATCATCAATTTTAGGTGCTATTAATTTTATTACTACAATTTTTAATATACGGGCACCTGGAATATCAATGGAACGGGTAAGCCTCTTTGTCTGATCTATTTTGGTTACCGTGTTTTTACTCTTACTATCTCTACCTGTTCTGGCAGGCGCCATTACTATATTGTTAACTGACCGTAATTTTAATACGTCTTTTTTTGACCCCGCGGGGGGTGGCGACCCAATTTTATACCAACATTTATTT"
"Ali1"	"Araneae_Runcinia_grammatica"	"IIICBR"	"keep"	"TTTAGCTTCTAGAGTAGGACATATAGGTAGATCTATAGATTTTGCTATTTTTTCTCTTCATTTAGCAGGTGCTTCGTCGATTATAGGAGCTGTAAATTTTATTTCTACTATTATTAATATACGAAGAGTAGGAATAAGAATGGAAAAGGTTCCTTTATTTGTTTGATCAGTTTTAATTACTGCTATTTTATTATTATTATCTCTTCCTGTTTTAGCAGGAGCTATTACTATATTATTAACTGATCGAAATTTTAATACATCTTTTTTTGATCCGGCCGGAGGGGGGGATCCTATTTTATTTCAACATTTATTT"
"Ali1"	"Odonata_Chalcolestes_viridis"	"IIICBR"	"keep"	"TCTTGCAGGGGCAATTGCTCATGCAGGAGCTTCTGTTGATTTAACGATTTTTTCTTTACACTTAGCCGGTGTTTCTTCTATTCTAGGGGCAATTAACTTTATTACAACAACTATTAATATAAAGGCACCAGGAATAAAGCTAGATCAAATACCATTATTTGTGTGAGCAGTAGTAATTACTGCGGTATTACTTTTATTATCATTACCAGTATTAGCAGGAGCTATCACCATACTACTCACCGATCGTAATATTAATACCTCCTTCTTTGATCCGGCTGGGGGTGGGGATCCAATTTTATATCAACATCTATTT"
"Ali1"	"Hemiptere _Lachnus_roboris"	"IIICBR"	"keep"	"ATTATCTAATAATATTGCTCATAATAATATTTCAGTAGACTTAACTATTTTTTCCTTGCATTTAGCTGGAATCTCCTCAATTTTAGGAGCAATTAATTTTATTACTACAATCCTTAATATAATACCAAATAATTTAAAATTAAATCAAATTCCACTATTCCCATGATCAATTTTAATTACTGCAATTCTATTAATTTTATCTTTACCTGTTCTAGCTGGTGCAATTACAATATTATTAACAGATCGAAACCTTAATACTTCATTTTTTGATCCATCAGGAGGAGGAGACCCAATTTTATATCAACACTTATTT"
"Ali1"	"Orthoptera_Omocestus_rufipes"	"IIICBR"	"keep"	"ACTTGCAGGAGCAATTGCCCATGGTGGGAGATCAGTAGATCTAGCCATTTTTTCATTACATCTAGCCGGTGTTTCATCAATTTTAGGAGCAGTAAACTTTATTACAACATCAATCAATATACGGTCGGAAAGAATATCACTAGATCAAACACCACTATTTGTTTGATCAGTAGCAATCACAGCACTTCTATTATTATTATCATTACCGGTATTAGCAGGAGCAATTACTATATTATTAACTGACCGAAATTTAAATACATCATTTTTTGACCCTGCTGGAGGTGGAGACCCAATTCTATATCAACATTTATTT"
"Ali1"	"Opiliones_Phalangium_opilio"	"IIICBR"	"keep"	"TTTATCAAGAAATATTGCTCATACAGGAGCCTCTGTAGATTTAACTATTTTTTCATTACACTTAGCAGGTGTATCCTCAATTTTAGGGGCTATCAATTTTATTACTACAATTATCAATATACGAACACAAGGAATAATTATAGAACGAATACCTCTTTTTGTCTGATCAGTAAAAATTACAGCTATTTTACTTCTTCTATCTTTGCCTGTTTTAGCAGGTGCTATCACAATACTTCTTACAGATCGAAATTTTAATACATCCTTCTTCGACCCCGCAGGAGGGGGAGACCCTATTCTTTACCAGCATTTATTT"
"Ali1"	"Haplotaxida_Lumbricus_terrestris"	"IIICBR"	"keep"	"ATTAGCCAGAAATCTAGCCCATGCCGGCCCATCAGTAGACCTTGCCATTTTCTCACTTCATTTAGCAGGGGCATCTTCAATTCTAGGAGCTATCAACTTTATTACAACCGTAATCAACATACGGTGAAGTGGTTTACGACTAGAACGAATCCCCTTATTTGTATGGGCAGTAGTAATTACTGTTGTGCTTCTTCTTCTATCCCTACCAGTGCTTGCAGGAGCTATTACTATGCTTTTAACAGACCGAAATCTTAACACTTCATTCTTTGACCCTGCCGGAGGAGGAGACCCTATTTTATATCAACATCTATTT"
"Ali1"	"Isopoda_Armadillidium_vulgare"	"IIICBR"	"keep"	"TCTGGCGTCAAGAATTGCTCACAGAGGTGCATCTGTAGATTTAGGCATTTTTTCTCTCCACCTTGCTGGAGCTTCTTCTATTTTAGGGGCTGTTAATTTTATTACTACTATAATTAATATACGAGCAGCTGGAATCAGAATAGACCGCGTACCTTTATTTGTTTGATCAGTAATAGTAACGGCTGTGCTTTTACTTTTATCATTACCTGTACTAGCAGGAGCTATTACTATATTATTAACTGATCGAAATTTAAATACCTCTTTTTTTGATCCTAGAGGAGGGGGGGATCCTATCCTTTATCAACATTTATTT"
"Ali2"	"Diptera_Bactrocera_oleae"	"IIICBR"	"keep"	"ATTATCATCTATTATTGCACATGGAGGAGCATCTGTCGATCTAGCCATCTTTTCACTCCATTTAGCAGGTATCTCCTCAATCTTAGGAGCTGTAAATTTTATTACAACAGTAATTAATATGCGATCAACAGGAATTACATTCGATCGAATACCTTTATTTGTTTGAGCAGTAGTACTAACAGCCCTACTACTTTTACTATCTCTACCTGTCTTAGCCGGTGCTATCACAATACTTTTAACAGATCGAAATCTGAATACTTCCTTTTTCGACCCAGCAGGTGGAGGAGACCCAATCCTTTACCAACATTTATTT"
"Ali2"	"Diptera_Syritta_pipiens"	"IIICBR"	"keep"	"TTTGTCAGCAGGAATTGCTCATAGTGGAGCTTCTGTAGATCTAGCAATCTTTTCTTTACATTTAGCAGGAATATCATCCATTTTAGGAGCTGTAAATTTTATTACAACTGTAATTAACATACGAGCAGCAGGAATAACATATGATCGAATACCTTTATTTGTATGATCAGTAGTTATTACAGCTCTTCTTCTTTTATTATCATTGCCAGTTTTAGCAGGTGCAATTACAATACTTTTAACAGATCGAAATTTAAATACTTCATTTTTCGACCCTGCTGGAGGAGGAGATCCAATTCTTTACCAACATTTATTT"
"Ali2"	"Hymenoptera_Apis_mellifera"	"IIICBR"	"keep"	"ATTATCAGCATATTTATATCATTCTTCACCTTCAGTAGATTTTGCAATTTTTTCTCTTCATATATCAGGAATTTCCTCAATTATAGGATCATTAAACTTAATAGTTACAATTATAATAATAAAAAATTTTTCTATAAATTATGACCAAATTTCATTATTTCCATGATCAGTTTTTATTACAGCAATTTTATTAATTATATCATTACCTGTATTAGCTGGAGCAATTACTATACTATTATTTGATCGAAATTTTAATACATCATTTTTCGATCCTATAGGAGGTGGAGATCCAATTCTTTATCAACATTTATTT"
"Ali2"	"Isopoda_Armadillidium_vulgare"	"IIICBR"	"keep"	"TCTGGCGTCAAGAATTGCTCACAGAGGTGCATCTGTAGATTTAGGCATTTTTTCTCTCCACCTTGCTGGAGCTTCTTCTATTTTAGGGGCTGTTAATTTTATTACTACTATAATTAATATACGAGCAGCTGGAATCAGAATAGACCGCGTACCTTTATTTGTTTGATCAGTAATAGTAACGGCTGTGCTTTTACTTTTATCATTACCTGTACTAGCAGGAGCTATTACTATATTATTAACTGATCGAAATTTAAATACCTCTTTTTTTGATCCTAGAGGAGGGGGGGATCCTATCCTTTATCAACATTTATTT"
"Ali2"	"Lithobiomorpha_Scolopendra_forficatus"	"IIICBR"	"keep"	"TCTATCTTCTAATATCTCTCATAGAGGAGCGTCAGTAGATATAACGATCTTTTCATTACACCTCGCTGGTGCATCCTCAATTTTAGGGGCTATTAATTTTATTTCAACAATCATTAATATACGAACAAGAGGAATATCATTTGAGCGAGTGCCCTTATTTGTATGATCAGTAAAGATTACAGTTATCTTACTCCTACTATCCCTCCCAGTTTTAGCCGGGGCAATTACAATATTGTTAACTGATCGAAACTTAAATACTAGATTCTTCGACCCTACAGGAGGAGGTGACCCAATCTTATATCAACATTTATTC"
"Ali2"	"Sauria_Tarentola_mauritanica"	"IIICBR"	"keep"	"ACTAGCAGGAAACCTGGCCCACGCAGGGCCATCAGTTGATCTAGTTATTTTCTCACTTCACCTCGCAGGCATCTCCTCCATCCTGGGCGCTATTAATTTCATCACCACAGCACTAAACATGAAATCCCCAGCCCTCTCACAATATAGTACCCCACTTTTCGTTTGATCCGTTTTGATCACAGCAATCCTACTACTCCTTTCACTCCCAGTTCTAGCTGCAGGGATTACAATACTACTAACAGACCGAAACTTAAACACCACCTTCTTTGATCCTGCCGGGGGCGGGGACCCAATCCTTTATCAACACCTATTT"
"Ali2"	"Gastropoda_Pomatias_elegans"	"IIICBR"	"keep"	"TTTGGCTGGTAATTTAGCACATTCGGGTGGTTCTGTTGATCTTGCTATTTTTTCGTTACATTTGGCTGGGGCATCTTCTATTTTAGGTGCTGTGAATTTCATTACTACTATTGTTAATATACGATGGTGTGGTGTTCAGTTGGAGCGGTTATCTTTGTTTGTTTGGTCGGTTAAAATTACTGCTATTTTGCTTTTACTTTCTTTACCAGTTTTGGCTGGGGCAGTTACTATGCTTTTAACAGATCGGAATTTTAATACTACTTTTTTTGATCCTGCTGGTGGAGGAGATCCTATTTTATATCAGCATTTGTTT"
"Ali2"	"Araneae_Pisaura_mirabilis"	"IIICBR"	"keep"	"TTTAGCATCTACAGTTGGTCATATAGGAAGATCTATAGATTTTGCTATTTTTTCTTTACATTTAGCTGGGGCTTCTTCTATTATAGGAGCTGTTAATTTTATTTCTACTATTATAAATATACGATTAAATGGAATGTCAATAGAAAAAATCCCTTTATTTGTATGGTCTGTTTTAATTACTGCTATTTTACTTTTATTGTCTTTACCAGTTTTAGCTGGTGCTATTACTATATTATTAACTGATCGAAATTTTAATACTTCTTTTTTTGATCCAGCTGGTGGAGGTGATCCTATTTTATTTCAACATTTATTT"
"Ali2"	"Orthoptera_Oedipoda_caerulescens"	"IIICBR"	"keep"	"ACTTGCAGGAGCAATTGCACACAGAGGAGTATCTGTAGACCTAACCATTTTCTCACTTCACCTAGCAGGTATTTCATCAATTCTGGGGGCCGTAAACTTTATTACAACATCAATTAATATACGATCAAACAGAATAACCCTAGATCAAACACCCCTATTTGTTTGATCAGTAGTTATTACAGCACTGCTTTTACTATTATCCCTACCCGTACTTGCGGGAGCAATCACTATATTATTAACTGATCGAAACCTAAATACATCATTTTTTGACCCAGCAGGAGGAGGTGATCCAATTCTTTACCAACATTTATTT"
"Ali2"	"Orthoptera_Omocestus_rufipes"	"IIICBR"	"keep"	"ACTTGCAGGAGCAATTGCCCATGGTGGGAGATCAGTAGATCTAGCCATTTTTTCATTACATCTAGCCGGTGTTTCATCAATTTTAGGAGCAGTAAACTTTATTACAACATCAATCAATATACGGTCGGAAAGAATATCACTAGATCAAACACCACTATTTGTTTGATCAGTAGCAATCACAGCACTTCTATTATTATTATCATTACCGGTATTAGCAGGAGCAATTACTATATTATTAACTGACCGAAATTTAAATACATCATTTTTTGACCCTGCTGGAGGTGGAGACCCAATTCTATATCAACATTTATTT"
"Ali2"	"Opiliones_Phalangium_opilio"	"IIICBR"	"keep"	"TTTATCAAGAAATATTGCTCATACAGGAGCCTCTGTAGATTTAACTATTTTTTCATTACACTTAGCAGGTGTATCCTCAATTTTAGGGGCTATCAATTTTATTACTACAATTATCAATATACGAACACAAGGAATAATTATAGAACGAATACCTCTTTTTGTCTGATCAGTAAAAATTACAGCTATTTTACTTCTTCTATCTTTGCCTGTTTTAGCAGGTGCTATCACAATACTTCTTACAGATCGAAATTTTAATACATCCTTCTTCGACCCCGCAGGAGGGGGAGACCCTATTCTTTACCAGCATTTATTT"
"Ali2"	"Hemiptere _Ceresa_bubalus"	"IIICBR"	"keep"	"ATTATCAAGAAATATTGCTCACTCAGGGGCTAGAGTAGACTTCGCTATTTTTTCATTACACTTAGCTGGAATTTCATCTATTCTAGGAGCAATTAATTTTATTACAACTATGATAAATATGCGAGTTCAAGGTATAAATTTAGATAAAACACCATTATTTGTTTGATCAGTAGTTATCACTGCATTCTTACTTCTTATATCACTCCCAGTTCTAGCTGGGGCGATCACCATACTTCTAGCAGACCGAAATATAAATACTTCGTTCTTTGATCCTTCGGGGGGGGGAGATCCAATTTTATACCAACATTTATTT"
"Ali2"	"Haplotaxida_Apporectodea_trapezoides"	"IIICBR"	"keep"	"ATTAGCCAGAAATCTAGCCCATGCCGGCCCATCAGTAGACCTTGCCATTTTCTCACTTCATTTAGCAGGGGCATCTTCAATTCTAGGAGCTATCAACTTTATTACAACCGTAATCAACATACGGTGAAGTGGTTTACGACTAGAACGAATCCCCTTATTTGTATGGGCAGTAGTAATTACTGTTGTGCTTCTTCTTCTATCCCTACCAGTGCTTGCAGGAGCTATTACTATGCTTTTAACAGACCGAAATCTTAACACTTCATTCTTTGACCCTGCCGGAGGAGGAGACCCTATTTTATATCAACATCTATTT"
"Ali4"	"Diptera_Bactrocera_oleae"	"IIICBR"	"keep"	"ATTATCATCTATTATTGCACATGGAGGAGCATCTGTCGATCTAGCCATCTTTTCACTCCATTTAGCAGGTATCTCCTCAATCTTAGGAGCTGTAAATTTTATTACAACAGTAATTAATATGCGATCAACAGGAATTACATTCGATCGAATACCTTTATTTGTTTGAGCAGTAGTACTAACAGCCCTACTACTTTTACTATCTCTACCTGTCTTAGCCGGTGCTATCACAATACTTTTAACAGATCGAAATCTGAATACTTCCTTTTTCGACCCAGCAGGTGGAGGAGACCCAATCCTTTACCAACATTTATTT"
"Ali4"	"Isopoda_Armadillo_officinalis"	"IIICBR"	"keep"	"TTTGGCTGGGAATGTTGCCCATAGGGGACATTCGGTGGATTTAGGTATTTTTTCTTTACATTTAGCAGGGGCTTCTTCAATTTTAGGGGCTATTAATTTTATTACTACTACAATGAATATACGAATGACTGGCATAAAAATAGATCGGGTTCCTTTATTTGTTTGGTCTATCTTAATTACAGTAGTATTGTTACTTTTGTCATTACCTGTTTTAGCAGGGGCTATTACAATACTATTAATAGATCGTAATTTTAATACATCTTTTTTTGACCCTAGTGGAGGAGGAGATCCGGTTTTATATCAGCATTTATTT"
"Ali4"	"Lithobiomorpha_Scolopendra_forficatus"	"IIICBR"	"keep"	"TCTATCTTCTAATATCTCTCATAGAGGAGCGTCAGTAGATATAACGATCTTTTCATTACACCTCGCTGGTGCATCCTCAATTTTAGGGGCTATTAATTTTATTTCAACAATCATTAATATACGAACAAGAGGAATATCATTTGAGCGAGTGCCCTTATTTGTATGATCAGTAAAGATTACAGTTATCTTACTCCTACTATCCCTCCCAGTTTTAGCCGGGGCAATTACAATATTGTTAACTGATCGAAACTTAAATACTAGATTCTTCGACCCTACAGGAGGAGGTGACCCAATCTTATATCAACATTTATTC"
"Ali4"	"Sauria_Tarentola_mauritanica"	"IIICBR"	"keep"	"ACTAGCAGGAAACCTGGCCCACGCAGGGCCATCAGTTGATCTAGTTATTTTCTCACTTCACCTCGCAGGCATCTCCTCCATCCTGGGCGCTATTAATTTCATCACCACAGCACTAAACATGAAATCCCCAGCCCTCTCACAATATAGTACCCCACTTTTCGTTTGATCCGTTTTGATCACAGCAATCCTACTACTCCTTTCACTCCCAGTTCTAGCTGCAGGGATTACAATACTACTAACAGACCGAAACTTAAACACCACCTTCTTTGATCCTGCCGGGGGCGGGGACCCAATCCTTTATCAACACCTATTT"
"Ali4"	"Gastropoda_Xeropicta_derbentina"	"IIICBR"	"keep"	"TTTAAGGTCTTTAACAGGACACAGTGGAGCTTCTGTAGACCTAGCAATTTTTTCTCTTCATTTGGCTGGGATATCATCAATTTTAGGTGCTATTAATTTTATTACTACAATTTTTAATATACGGGCACCTGGAATATCAATGGAACGGGTAAGCCTCTTTGTCTGATCTATTTTGGTTACCGTGTTTTTACTCTTACTATCTCTACCTGTTCTGGCAGGCGCCATTACTATATTGTTAACTGACCGTAATTTTAATACGTCTTTTTTTGACCCCGCGGGGGGTGGCGACCCAATTTTATACCAACATTTATTT"
"Ali4"	"Araneae_Pisaura_mirabilis"	"IIICBR"	"keep"	"TTTAGCATCTACAGTTGGTCATATAGGAAGATCTATAGATTTTGCTATTTTTTCTTTACATTTAGCTGGGGCTTCTTCTATTATAGGAGCTGTTAATTTTATTTCTACTATTATAAATATACGATTAAATGGAATGTCAATAGAAAAAATCCCTTTATTTGTATGGTCTGTTTTAATTACTGCTATTTTACTTTTATTGTCTTTACCAGTTTTAGCTGGTGCTATTACTATATTATTAACTGATCGAAATTTTAATACTTCTTTTTTTGATCCAGCTGGTGGAGGTGATCCTATTTTATTTCAACATTTATTT"
"Ali4"	"Odonata_Chalcolestes_viridis"	"IIICBR"	"keep"	"TCTTGCAGGGGCAATTGCTCATGCAGGAGCTTCTGTTGATTTAACGATTTTTTCTTTACACTTAGCCGGTGTTTCTTCTATTCTAGGGGCAATTAACTTTATTACAACAACTATTAATATAAAGGCACCAGGAATAAAGCTAGATCAAATACCATTATTTGTGTGAGCAGTAGTAATTACTGCGGTATTACTTTTATTATCATTACCAGTATTAGCAGGAGCTATCACCATACTACTCACCGATCGTAATATTAATACCTCCTTCTTTGATCCGGCTGGGGGTGGGGATCCAATTTTATATCAACATCTATTT"
"Ali4"	"Orthoptera_Oedipoda_caerulescens"	"IIICBR"	"keep"	"ACTTGCAGGAGCAATTGCACACAGAGGAGTATCTGTAGACCTAACCATTTTCTCACTTCACCTAGCAGGTATTTCATCAATTCTGGGGGCCGTAAACTTTATTACAACATCAATTAATATACGATCAAACAGAATAACCCTAGATCAAACACCCCTATTTGTTTGATCAGTAGTTATTACAGCACTGCTTTTACTATTATCCCTACCCGTACTTGCGGGAGCAATCACTATATTATTAACTGATCGAAACCTAAATACATCATTTTTTGACCCAGCAGGAGGAGGTGATCCAATTCTTTACCAACATTTATTT"
"Ali4"	"Orthoptera_Omocestus_rufipes"	"IIICBR"	"keep"	"ACTTGCAGGAGCAATTGCCCATGGTGGGAGATCAGTAGATCTAGCCATTTTTTCATTACATCTAGCCGGTGTTTCATCAATTTTAGGAGCAGTAAACTTTATTACAACATCAATCAATATACGGTCGGAAAGAATATCACTAGATCAAACACCACTATTTGTTTGATCAGTAGCAATCACAGCACTTCTATTATTATTATCATTACCGGTATTAGCAGGAGCAATTACTATATTATTAACTGACCGAAATTTAAATACATCATTTTTTGACCCTGCTGGAGGTGGAGACCCAATTCTATATCAACATTTATTT"
"Ali4"	"Opiliones_Phalangium_opilio"	"IIICBR"	"keep"	"TTTATCAAGAAATATTGCTCATACAGGAGCCTCTGTAGATTTAACTATTTTTTCATTACACTTAGCAGGTGTATCCTCAATTTTAGGGGCTATCAATTTTATTACTACAATTATCAATATACGAACACAAGGAATAATTATAGAACGAATACCTCTTTTTGTCTGATCAGTAAAAATTACAGCTATTTTACTTCTTCTATCTTTGCCTGTTTTAGCAGGTGCTATCACAATACTTCTTACAGATCGAAATTTTAATACATCCTTCTTCGACCCCGCAGGAGGGGGAGACCCTATTCTTTACCAGCATTTATTT"
"Ali4"	"Hemiptere _Ceresa_bubalus"	"IIICBR"	"keep"	"ATTATCAAGAAATATTGCTCACTCAGGGGCTAGAGTAGACTTCGCTATTTTTTCATTACACTTAGCTGGAATTTCATCTATTCTAGGAGCAATTAATTTTATTACAACTATGATAAATATGCGAGTTCAAGGTATAAATTTAGATAAAACACCATTATTTGTTTGATCAGTAGTTATCACTGCATTCTTACTTCTTATATCACTCCCAGTTCTAGCTGGGGCGATCACCATACTTCTAGCAGACCGAAATATAAATACTTCGTTCTTTGATCCTTCGGGGGGGGGAGATCCAATTTTATACCAACATTTATTT"
"Ali4"	"Haplotaxida_Apporectodea_trapezoides"	"IIICBR"	"keep"	"ATTAGCCAGAAATCTAGCCCATGCCGGCCCATCAGTAGACCTTGCCATTTTCTCACTTCATTTAGCAGGGGCATCTTCAATTCTAGGAGCTATCAACTTTATTACAACCGTAATCAACATACGGTGAAGTGGTTTACGACTAGAACGAATCCCCTTATTTGTATGGGCAGTAGTAATTACTGTTGTGCTTCTTCTTCTATCCCTACCAGTGCTTGCAGGAGCTATTACTATGCTTTTAACAGACCGAAATCTTAACACTTCATTCTTTGACCCTGCCGGAGGAGGAGACCCTATTTTATATCAACATCTATTT"
"Ali4"	"Isopoda_Armadillidium_vulgare"	"IIICBR"	"keep"	"TCTGGCGTCAAGAATTGCTCACAGAGGTGCATCTGTAGATTTAGGCATTTTTTCTCTCCACCTTGCTGGAGCTTCTTCTATTTTAGGGGCTGTTAATTTTATTACTACTATAATTAATATACGAGCAGCTGGAATCAGAATAGACCGCGTACCTTTATTTGTTTGATCAGTAATAGTAACGGCTGTGCTTTTACTTTTATCATTACCTGTACTAGCAGGAGCTATTACTATATTATTAACTGATCGAAATTTAAATACCTCTTTTTTTGATCCTAGAGGAGGGGGGGATCCTATCCTTTATCAACATTTATTT"
"Ali4"	"Odonata_Erythromma_lindenii"	"IIICBR"	"keep"	"ATTAGCAGGAGCCATTGCACATGCAGGAGGGTCTGTAGACCTAACCATCTTTTCATTACACCTAGCAGGTGTATCCTCAATTTTAGGAGCAATCAATTTTATTACAACTACCATTAATATAAAATCCCCAGGAATAAAGATGGATCAGTTGCCATTATTTGTGTGAGCTGTGGTTATTACAGCGGTGTTATTACTATTATCTCTTCCAGTGCTAGCCGGGGCCATTACAATGCTTTTAACTGACCGAAATATTAATACCTCTTTCTTTGACCCAGCAGGAGGAGGGGACCCAATCTTATACCAACATTTATTT"
